tif_paths,id,pred_paths,image_score,topo_score,surface_dice,voi_score,voi_split,voi_merge
/home/shadowtwin/Desktop/AI_work/Vesuvius_Challenge/Vesuvius/DataSet/val_labels/1669670049.tif,1669670049,/home/shadowtwin/Desktop/AI_work/Vesuvius_Challenge/Vesuvius/inferences/CESoftDiceclDiceLoss_step3_DAsafe_epoch_model_best/no_TTA/overlap_0.5/th_0.5/1669670049.tif,0.5011344456039251,0.1245944192083063,0.8411486674998973,0.48386881776134033,1.7885552148533914,1.7670309501915338
/home/shadowtwin/Desktop/AI_work/Vesuvius_Challenge/Vesuvius/DataSet/val_labels/541673255.tif,541673255,/home/shadowtwin/Desktop/AI_work/Vesuvius_Challenge/Vesuvius/inferences/CESoftDiceclDiceLoss_step3_DAsafe_epoch_model_best/no_TTA/overlap_0.5/th_0.5/541673255.tif,0.547187995764463,0.08056938637221617,0.9137471317779857,0.5805876678014373,1.2084492136040406,1.1995266785168315
/home/shadowtwin/Desktop/AI_work/Vesuvius_Challenge/Vesuvius/DataSet/val_labels/3090197578.tif,3090197578,/home/shadowtwin/Desktop/AI_work/Vesuvius_Challenge/Vesuvius/inferences/CESoftDiceclDiceLoss_step3_DAsafe_epoch_model_best/no_TTA/overlap_0.5/th_0.5/3090197578.tif,0.4336371610685734,0.0622671703926948,0.6624267213429357,0.5231647356592499,1.2987773739731447,1.7393686874828813
/home/shadowtwin/Desktop/AI_work/Vesuvius_Challenge/Vesuvius/DataSet/val_labels/3924902780.tif,3924902780,/home/shadowtwin/Desktop/AI_work/Vesuvius_Challenge/Vesuvius/inferences/CESoftDiceclDiceLoss_step3_DAsafe_epoch_model_best/no_TTA/overlap_0.5/th_0.5/3924902780.tif,0.4524183146282085,0.038859755277665727,0.770225566775234,0.4890898276387908,1.4685560109109472,2.0134912769922586
/home/shadowtwin/Desktop/AI_work/Vesuvius_Challenge/Vesuvius/DataSet/val_labels/1566185731.tif,1566185731,/home/shadowtwin/Desktop/AI_work/Vesuvius_Challenge/Vesuvius/inferences/CESoftDiceclDiceLoss_step3_DAsafe_epoch_model_best/no_TTA/overlap_0.5/th_0.5/1566185731.tif,0.5527279223366255,0.11665808886601475,0.8902138700339808,0.589016117614079,1.144911307341181,1.180910064353982
/home/shadowtwin/Desktop/AI_work/Vesuvius_Challenge/Vesuvius/DataSet/val_labels/3921562037.tif,3921562037,/home/shadowtwin/Desktop/AI_work/Vesuvius_Challenge/Vesuvius/inferences/CESoftDiceclDiceLoss_step3_DAsafe_epoch_model_best/no_TTA/overlap_0.5/th_0.5/3921562037.tif,0.5319265024002365,0.1714156353348754,0.8555891809845815,0.5172731384433439,1.2792406698788614,1.831474770254955
/home/shadowtwin/Desktop/AI_work/Vesuvius_Challenge/Vesuvius/DataSet/val_labels/3406708348.tif,3406708348,/home/shadowtwin/Desktop/AI_work/Vesuvius_Challenge/Vesuvius/inferences/CESoftDiceclDiceLoss_step3_DAsafe_epoch_model_best/no_TTA/overlap_0.5/th_0.5/3406708348.tif,0.5887187946966417,0.17855189538530244,0.944468909143454,0.5845403082309771,1.2511196249632903,1.1180337417586088
/home/shadowtwin/Desktop/AI_work/Vesuvius_Challenge/Vesuvius/DataSet/val_labels/4233602520.tif,4233602520,/home/shadowtwin/Desktop/AI_work/Vesuvius_Challenge/Vesuvius/inferences/CESoftDiceclDiceLoss_step3_DAsafe_epoch_model_best/no_TTA/overlap_0.5/th_0.5/4233602520.tif,0.5425523715283745,0.11579685465290995,0.9002590260466284,0.5506361600462328,1.1302419880693266,1.590028809959614
/home/shadowtwin/Desktop/AI_work/Vesuvius_Challenge/Vesuvius/DataSet/val_labels/3897872090.tif,3897872090,/home/shadowtwin/Desktop/AI_work/Vesuvius_Challenge/Vesuvius/inferences/CESoftDiceclDiceLoss_step3_DAsafe_epoch_model_best/no_TTA/overlap_0.5/th_0.5/3897872090.tif,0.5747559384110512,0.18905057697334846,0.9291359533958143,0.5509805189443189,0.8003144467079797,1.91617289187648
/home/shadowtwin/Desktop/AI_work/Vesuvius_Challenge/Vesuvius/DataSet/val_labels/2881190689.tif,2881190689,/home/shadowtwin/Desktop/AI_work/Vesuvius_Challenge/Vesuvius/inferences/CESoftDiceclDiceLoss_step3_DAsafe_epoch_model_best/no_TTA/overlap_0.5/th_0.5/2881190689.tif,0.5491076472886429,0.1734915167750989,0.8995817019411135,0.5205902759334958,1.3018318693621702,1.7678228810833774
/home/shadowtwin/Desktop/AI_work/Vesuvius_Challenge/Vesuvius/DataSet/val_labels/2012359760.tif,2012359760,/home/shadowtwin/Desktop/AI_work/Vesuvius_Challenge/Vesuvius/inferences/CESoftDiceclDiceLoss_step3_DAsafe_epoch_model_best/no_TTA/overlap_0.5/th_0.5/2012359760.tif,0.5466989848415029,0.14131872284148875,0.876752468304029,0.564114297378989,1.1304097217653228,1.4452249480539023
/home/shadowtwin/Desktop/AI_work/Vesuvius_Challenge/Vesuvius/DataSet/val_labels/1734818300.tif,1734818300,/home/shadowtwin/Desktop/AI_work/Vesuvius_Challenge/Vesuvius/inferences/CESoftDiceclDiceLoss_step3_DAsafe_epoch_model_best/no_TTA/overlap_0.5/th_0.5/1734818300.tif,0.38742454326151854,0.04367511149937929,0.6330800713540758,0.43641138525079476,1.8870542488136341,2.417665516348046
/home/shadowtwin/Desktop/AI_work/Vesuvius_Challenge/Vesuvius/DataSet/val_labels/803213133.tif,803213133,/home/shadowtwin/Desktop/AI_work/Vesuvius_Challenge/Vesuvius/inferences/CESoftDiceclDiceLoss_step3_DAsafe_epoch_model_best/no_TTA/overlap_0.5/th_0.5/803213133.tif,0.3956471075402183,0.03618181818181818,0.651130122372136,0.44827719787264353,1.3626002299874997,2.7399417146368474
/home/shadowtwin/Desktop/AI_work/Vesuvius_Challenge/Vesuvius/DataSet/val_labels/4024884955.tif,4024884955,/home/shadowtwin/Desktop/AI_work/Vesuvius_Challenge/Vesuvius/inferences/CESoftDiceclDiceLoss_step3_DAsafe_epoch_model_best/no_TTA/overlap_0.5/th_0.5/4024884955.tif,0.5426167431376793,0.13302419939139257,0.9067225704104473,0.5295902390760139,1.361952782395302,1.5988882994740752
/home/shadowtwin/Desktop/AI_work/Vesuvius_Challenge/Vesuvius/DataSet/val_labels/378779937.tif,378779937,/home/shadowtwin/Desktop/AI_work/Vesuvius_Challenge/Vesuvius/inferences/CESoftDiceclDiceLoss_step3_DAsafe_epoch_model_best/no_TTA/overlap_0.5/th_0.5/378779937.tif,0.5490096838605865,0.1884840925057709,0.9004796867384661,0.5065616164296913,1.5431260374917781,1.703852333064096
/home/shadowtwin/Desktop/AI_work/Vesuvius_Challenge/Vesuvius/DataSet/val_labels/3694884789.tif,3694884789,/home/shadowtwin/Desktop/AI_work/Vesuvius_Challenge/Vesuvius/inferences/CESoftDiceclDiceLoss_step3_DAsafe_epoch_model_best/no_TTA/overlap_0.5/th_0.5/3694884789.tif,0.6019027320116525,0.26729986431478964,0.9084686704651898,0.5821392515839974,1.2240566462867823,1.1686168551077503
/home/shadowtwin/Desktop/AI_work/Vesuvius_Challenge/Vesuvius/DataSet/val_labels/2660177791.tif,2660177791,/home/shadowtwin/Desktop/AI_work/Vesuvius_Challenge/Vesuvius/inferences/CESoftDiceclDiceLoss_step3_DAsafe_epoch_model_best/no_TTA/overlap_0.5/th_0.5/2660177791.tif,0.5433358980992864,0.15223880597014924,0.867916199094328,0.5539816760720764,1.166540753181074,1.51717210347482
/home/shadowtwin/Desktop/AI_work/Vesuvius_Challenge/Vesuvius/DataSet/val_labels/118041886.tif,118041886,/home/shadowtwin/Desktop/AI_work/Vesuvius_Challenge/Vesuvius/inferences/CESoftDiceclDiceLoss_step3_DAsafe_epoch_model_best/no_TTA/overlap_0.5/th_0.5/118041886.tif,0.524126050353763,0.07833316638285084,0.8752679226374065,0.5550923643309014,1.0781843028759388,1.5934890032736457
/home/shadowtwin/Desktop/AI_work/Vesuvius_Challenge/Vesuvius/DataSet/val_labels/1746646794.tif,1746646794,/home/shadowtwin/Desktop/AI_work/Vesuvius_Challenge/Vesuvius/inferences/CESoftDiceclDiceLoss_step3_DAsafe_epoch_model_best/no_TTA/overlap_0.5/th_0.5/1746646794.tif,0.5528338870964169,0.10520567892246087,0.9157177795980335,0.5736313158867624,1.3020938635221757,1.175506134391263
/home/shadowtwin/Desktop/AI_work/Vesuvius_Challenge/Vesuvius/DataSet/val_labels/2961547523.tif,2961547523,/home/shadowtwin/Desktop/AI_work/Vesuvius_Challenge/Vesuvius/inferences/CESoftDiceclDiceLoss_step3_DAsafe_epoch_model_best/no_TTA/overlap_0.5/th_0.5/2961547523.tif,0.5542041300241554,0.14709063378758383,0.9102350951221042,0.5471275902718392,1.2922666975741754,1.4668240994076416
/home/shadowtwin/Desktop/AI_work/Vesuvius_Challenge/Vesuvius/DataSet/val_labels/2632109508.tif,2632109508,/home/shadowtwin/Desktop/AI_work/Vesuvius_Challenge/Vesuvius/inferences/CESoftDiceclDiceLoss_step3_DAsafe_epoch_model_best/no_TTA/overlap_0.5/th_0.5/2632109508.tif,0.562086450767459,0.13274158305730058,0.9277680999266885,0.5644146882169365,1.2034720007840425,1.3690178184724173
/home/shadowtwin/Desktop/AI_work/Vesuvius_Challenge/Vesuvius/DataSet/val_labels/3608009641.tif,3608009641,/home/shadowtwin/Desktop/AI_work/Vesuvius_Challenge/Vesuvius/inferences/CESoftDiceclDiceLoss_step3_DAsafe_epoch_model_best/no_TTA/overlap_0.5/th_0.5/3608009641.tif,0.4039640774040212,0.028743003731343284,0.6420333333940466,0.48751288456200537,1.5011866686784534,2.0029061233060905
/home/shadowtwin/Desktop/AI_work/Vesuvius_Challenge/Vesuvius/DataSet/val_labels/4105398542.tif,4105398542,/home/shadowtwin/Desktop/AI_work/Vesuvius_Challenge/Vesuvius/inferences/CESoftDiceclDiceLoss_step3_DAsafe_epoch_model_best/no_TTA/overlap_0.5/th_0.5/4105398542.tif,0.37437706816524574,0.0952923076923077,0.5285857083757823,0.45938393693151314,1.8909374498201337,2.031823880492293
/home/shadowtwin/Desktop/AI_work/Vesuvius_Challenge/Vesuvius/DataSet/val_labels/917058676.tif,917058676,/home/shadowtwin/Desktop/AI_work/Vesuvius_Challenge/Vesuvius/inferences/CESoftDiceclDiceLoss_step3_DAsafe_epoch_model_best/no_TTA/overlap_0.5/th_0.5/917058676.tif,0.3961478571283836,0.05156664713384578,0.586794135924889,0.5008569011843389,1.774570222078589,1.547357309420425
/home/shadowtwin/Desktop/AI_work/Vesuvius_Challenge/Vesuvius/DataSet/val_labels/3436049398.tif,3436049398,/home/shadowtwin/Desktop/AI_work/Vesuvius_Challenge/Vesuvius/inferences/CESoftDiceclDiceLoss_step3_DAsafe_epoch_model_best/no_TTA/overlap_0.5/th_0.5/3436049398.tif,0.5783055038568392,0.17905696979294508,0.8921770190593543,0.6066470178519474,1.1955157522989361,0.9658343715389243
/home/shadowtwin/Desktop/AI_work/Vesuvius_Challenge/Vesuvius/DataSet/val_labels/821686014.tif,821686014,/home/shadowtwin/Desktop/AI_work/Vesuvius_Challenge/Vesuvius/inferences/CESoftDiceclDiceLoss_step3_DAsafe_epoch_model_best/no_TTA/overlap_0.5/th_0.5/821686014.tif,0.4387820917076953,0.05638474295190713,0.589386183536829,0.6159471559549513,0.8542741340597698,1.2241121924946106
/home/shadowtwin/Desktop/AI_work/Vesuvius_Challenge/Vesuvius/DataSet/val_labels/3767466977.tif,3767466977,/home/shadowtwin/Desktop/AI_work/Vesuvius_Challenge/Vesuvius/inferences/CESoftDiceclDiceLoss_step3_DAsafe_epoch_model_best/no_TTA/overlap_0.5/th_0.5/3767466977.tif,0.5219029592572393,0.0945273631840796,0.8721568648357514,0.5379709931700069,1.3576373595775377,1.5051502423306138
/home/shadowtwin/Desktop/AI_work/Vesuvius_Challenge/Vesuvius/DataSet/val_labels/2067397446.tif,2067397446,/home/shadowtwin/Desktop/AI_work/Vesuvius_Challenge/Vesuvius/inferences/CESoftDiceclDiceLoss_step3_DAsafe_epoch_model_best/no_TTA/overlap_0.5/th_0.5/2067397446.tif,0.512239187158884,0.12750318757968948,0.8422656465973419,0.5119864416454497,1.3945096588946335,1.782746082397694
/home/shadowtwin/Desktop/AI_work/Vesuvius_Challenge/Vesuvius/DataSet/val_labels/1655876858.tif,1655876858,/home/shadowtwin/Desktop/AI_work/Vesuvius_Challenge/Vesuvius/inferences/CESoftDiceclDiceLoss_step3_DAsafe_epoch_model_best/no_TTA/overlap_0.5/th_0.5/1655876858.tif,0.5300472773330289,0.08213779128672746,0.894057665426186,0.5499593058509873,1.261679732011601,1.4660414488167142
/home/shadowtwin/Desktop/AI_work/Vesuvius_Challenge/Vesuvius/DataSet/val_labels/2489372663.tif,2489372663,/home/shadowtwin/Desktop/AI_work/Vesuvius_Challenge/Vesuvius/inferences/CESoftDiceclDiceLoss_step3_DAsafe_epoch_model_best/no_TTA/overlap_0.5/th_0.5/2489372663.tif,0.5733325378555479,0.2092629635328512,0.9023279270057722,0.5563967838390633,1.3964392750610448,1.2611558623523076
/home/shadowtwin/Desktop/AI_work/Vesuvius_Challenge/Vesuvius/DataSet/val_labels/1845578058.tif,1845578058,/home/shadowtwin/Desktop/AI_work/Vesuvius_Challenge/Vesuvius/inferences/CESoftDiceclDiceLoss_step3_DAsafe_epoch_model_best/no_TTA/overlap_0.5/th_0.5/1845578058.tif,0.5867979075644159,0.19623262995367988,0.9299749857115428,0.5783910673693482,1.254152992413014,1.1756271132181892
/home/shadowtwin/Desktop/AI_work/Vesuvius_Challenge/Vesuvius/DataSet/val_labels/1442179410.tif,1442179410,/home/shadowtwin/Desktop/AI_work/Vesuvius_Challenge/Vesuvius/inferences/CESoftDiceclDiceLoss_step3_DAsafe_epoch_model_best/no_TTA/overlap_0.5/th_0.5/1442179410.tif,0.5533892745788254,0.17398283261802577,0.9104223507158836,0.5215617201224523,1.6063901134940088,1.4513386360086704
/home/shadowtwin/Desktop/AI_work/Vesuvius_Challenge/Vesuvius/DataSet/val_labels/4026460947.tif,4026460947,/home/shadowtwin/Desktop/AI_work/Vesuvius_Challenge/Vesuvius/inferences/CESoftDiceclDiceLoss_step3_DAsafe_epoch_model_best/no_TTA/overlap_0.5/th_0.5/4026460947.tif,0.5452193461961533,0.11758281761922097,0.8952125853975961,0.5617717029177953,1.3598337119087447,1.2404414224330977
/home/shadowtwin/Desktop/AI_work/Vesuvius_Challenge/Vesuvius/DataSet/val_labels/3977024865.tif,3977024865,/home/shadowtwin/Desktop/AI_work/Vesuvius_Challenge/Vesuvius/inferences/CESoftDiceclDiceLoss_step3_DAsafe_epoch_model_best/no_TTA/overlap_0.5/th_0.5/3977024865.tif,0.5642690158762,0.22115326767618665,0.8710729579752199,0.5515642865200487,1.267537045461531,1.4425472513858928
/home/shadowtwin/Desktop/AI_work/Vesuvius_Challenge/Vesuvius/DataSet/val_labels/1004283650.tif,1004283650,/home/shadowtwin/Desktop/AI_work/Vesuvius_Challenge/Vesuvius/inferences/CESoftDiceclDiceLoss_step3_DAsafe_epoch_model_best/no_TTA/overlap_0.5/th_0.5/1004283650.tif,0.5666151432023221,0.16306587363932218,0.918307860033842,0.5608218002819448,1.2073982149337061,1.4029270820814046
/home/shadowtwin/Desktop/AI_work/Vesuvius_Challenge/Vesuvius/DataSet/val_labels/3681179135.tif,3681179135,/home/shadowtwin/Desktop/AI_work/Vesuvius_Challenge/Vesuvius/inferences/CESoftDiceclDiceLoss_step3_DAsafe_epoch_model_best/no_TTA/overlap_0.5/th_0.5/3681179135.tif,0.5041539811418745,0.02213241484883276,0.8015186366305591,0.6199506681900826,1.0467906827041893,0.9966478859346878
/home/shadowtwin/Desktop/AI_work/Vesuvius_Challenge/Vesuvius/DataSet/val_labels/1332121747.tif,1332121747,/home/shadowtwin/Desktop/AI_work/Vesuvius_Challenge/Vesuvius/inferences/CESoftDiceclDiceLoss_step3_DAsafe_epoch_model_best/no_TTA/overlap_0.5/th_0.5/1332121747.tif,0.3872762535282128,0.02751007787779399,0.6035896781006559,0.47933383665612866,1.8422047939412927,1.7785574913174909
/home/shadowtwin/Desktop/AI_work/Vesuvius_Challenge/Vesuvius/DataSet/val_labels/4020494299.tif,4020494299,/home/shadowtwin/Desktop/AI_work/Vesuvius_Challenge/Vesuvius/inferences/CESoftDiceclDiceLoss_step3_DAsafe_epoch_model_best/no_TTA/overlap_0.5/th_0.5/4020494299.tif,0.5063943424383882,0.13532338308457711,0.8025119735377343,0.5283375336423086,1.5730250447953356,1.4027397288213543
/home/shadowtwin/Desktop/AI_work/Vesuvius_Challenge/Vesuvius/DataSet/val_labels/3515764944.tif,3515764944,/home/shadowtwin/Desktop/AI_work/Vesuvius_Challenge/Vesuvius/inferences/CESoftDiceclDiceLoss_step3_DAsafe_epoch_model_best/no_TTA/overlap_0.5/th_0.5/3515764944.tif,0.5983253925728035,0.24380664073726363,0.9287255231257335,0.5717984778789074,1.280601646887415,1.2156246676089715
/home/shadowtwin/Desktop/AI_work/Vesuvius_Challenge/Vesuvius/DataSet/val_labels/1522833038.tif,1522833038,/home/shadowtwin/Desktop/AI_work/Vesuvius_Challenge/Vesuvius/inferences/CESoftDiceclDiceLoss_step3_DAsafe_epoch_model_best/no_TTA/overlap_0.5/th_0.5/1522833038.tif,0.3858284789992837,0.00526322578980637,0.5217717372069013,0.5760840092569323,1.2029820343207078,1.2498777565621073
/home/shadowtwin/Desktop/AI_work/Vesuvius_Challenge/Vesuvius/DataSet/val_labels/4023763904.tif,4023763904,/home/shadowtwin/Desktop/AI_work/Vesuvius_Challenge/Vesuvius/inferences/CESoftDiceclDiceLoss_step3_DAsafe_epoch_model_best/no_TTA/overlap_0.5/th_0.5/4023763904.tif,0.551619514922325,0.11712431723957474,0.9074486958546437,0.5682147891466492,1.3108279978842672,1.2221649190008552
/home/shadowtwin/Desktop/AI_work/Vesuvius_Challenge/Vesuvius/DataSet/val_labels/1435658104.tif,1435658104,/home/shadowtwin/Desktop/AI_work/Vesuvius_Challenge/Vesuvius/inferences/CESoftDiceclDiceLoss_step3_DAsafe_epoch_model_best/no_TTA/overlap_0.5/th_0.5/1435658104.tif,0.5668103156867468,0.20642549962054138,0.8959675580562383,0.5465543442311456,1.4512950098167974,1.3141857427985106
/home/shadowtwin/Desktop/AI_work/Vesuvius_Challenge/Vesuvius/DataSet/val_labels/4081240825.tif,4081240825,/home/shadowtwin/Desktop/AI_work/Vesuvius_Challenge/Vesuvius/inferences/CESoftDiceclDiceLoss_step3_DAsafe_epoch_model_best/no_TTA/overlap_0.5/th_0.5/4081240825.tif,0.5257619466928835,0.14498933901918976,0.8452758944012017,0.5326245198477312,1.5877497859449543,1.3372343428736229
/home/shadowtwin/Desktop/AI_work/Vesuvius_Challenge/Vesuvius/DataSet/val_labels/3198627305.tif,3198627305,/home/shadowtwin/Desktop/AI_work/Vesuvius_Challenge/Vesuvius/inferences/CESoftDiceclDiceLoss_step3_DAsafe_epoch_model_best/no_TTA/overlap_0.5/th_0.5/3198627305.tif,0.4207610180011726,0.028707274407826618,0.6932074607686032,0.48436064117089556,1.8396538435579068,1.7089372612202425
/home/shadowtwin/Desktop/AI_work/Vesuvius_Challenge/Vesuvius/DataSet/val_labels/114235076.tif,114235076,/home/shadowtwin/Desktop/AI_work/Vesuvius_Challenge/Vesuvius/inferences/CESoftDiceclDiceLoss_step3_DAsafe_epoch_model_best/no_TTA/overlap_0.5/th_0.5/114235076.tif,0.39869558024708385,0.03631970260223048,0.46588837066544636,0.6421106849528813,0.8395075129831056,1.0183721508289627
/home/shadowtwin/Desktop/AI_work/Vesuvius_Challenge/Vesuvius/DataSet/val_labels/3527825464.tif,3527825464,/home/shadowtwin/Desktop/AI_work/Vesuvius_Challenge/Vesuvius/inferences/CESoftDiceclDiceLoss_step3_DAsafe_epoch_model_best/no_TTA/overlap_0.5/th_0.5/3527825464.tif,0.5562678896064605,0.19698973486995403,0.9106813546202401,0.5098071286525433,1.6531034166944223,1.5519836564180534
/home/shadowtwin/Desktop/AI_work/Vesuvius_Challenge/Vesuvius/DataSet/val_labels/2737376036.tif,2737376036,/home/shadowtwin/Desktop/AI_work/Vesuvius_Challenge/Vesuvius/inferences/CESoftDiceclDiceLoss_step3_DAsafe_epoch_model_best/no_TTA/overlap_0.5/th_0.5/2737376036.tif,0.4887662839580498,0.03787034974381822,0.7426279664688005,0.6213868307737831,1.0487180331791146,0.9822936248071998
/home/shadowtwin/Desktop/AI_work/Vesuvius_Challenge/Vesuvius/DataSet/val_labels/1693721638.tif,1693721638,/home/shadowtwin/Desktop/AI_work/Vesuvius_Challenge/Vesuvius/inferences/CESoftDiceclDiceLoss_step3_DAsafe_epoch_model_best/no_TTA/overlap_0.5/th_0.5/1693721638.tif,0.39858892140850066,0.047665452804705,0.6173637113908473,0.4806056759436929,1.7644347591595069,1.8379247221793322
/home/shadowtwin/Desktop/AI_work/Vesuvius_Challenge/Vesuvius/DataSet/val_labels/4216652155.tif,4216652155,/home/shadowtwin/Desktop/AI_work/Vesuvius_Challenge/Vesuvius/inferences/CESoftDiceclDiceLoss_step3_DAsafe_epoch_model_best/no_TTA/overlap_0.5/th_0.5/4216652155.tif,0.5346011363918773,0.14445708435280813,0.8785107786770661,0.5251006815687479,1.4971111151994085,1.5175445187924184
/home/shadowtwin/Desktop/AI_work/Vesuvius_Challenge/Vesuvius/DataSet/val_labels/1796762532.tif,1796762532,/home/shadowtwin/Desktop/AI_work/Vesuvius_Challenge/Vesuvius/inferences/CESoftDiceclDiceLoss_step3_DAsafe_epoch_model_best/no_TTA/overlap_0.5/th_0.5/1796762532.tif,0.4159539727534852,0.044068027210884354,0.6858564449647858,0.46481088243584234,1.3828600927953858,2.4551819854472603
/home/shadowtwin/Desktop/AI_work/Vesuvius_Challenge/Vesuvius/DataSet/val_labels/2116132949.tif,2116132949,/home/shadowtwin/Desktop/AI_work/Vesuvius_Challenge/Vesuvius/inferences/CESoftDiceclDiceLoss_step3_DAsafe_epoch_model_best/no_TTA/overlap_0.5/th_0.5/2116132949.tif,0.4384271518318201,0.12551581004411194,0.596030031230004,0.5490339939659574,1.0966491417652016,1.641287009063888
/home/shadowtwin/Desktop/AI_work/Vesuvius_Challenge/Vesuvius/DataSet/val_labels/363381119.tif,363381119,/home/shadowtwin/Desktop/AI_work/Vesuvius_Challenge/Vesuvius/inferences/CESoftDiceclDiceLoss_step3_DAsafe_epoch_model_best/no_TTA/overlap_0.5/th_0.5/363381119.tif,0.564753627592803,0.19879981535620866,0.8784310843273652,0.5647508670610357,1.123669285957135,1.4453049781816785
/home/shadowtwin/Desktop/AI_work/Vesuvius_Challenge/Vesuvius/DataSet/val_labels/928131323.tif,928131323,/home/shadowtwin/Desktop/AI_work/Vesuvius_Challenge/Vesuvius/inferences/CESoftDiceclDiceLoss_step3_DAsafe_epoch_model_best/no_TTA/overlap_0.5/th_0.5/928131323.tif,0.5705439006473949,0.17654486861193058,0.9138980126332638,0.5649032446919238,1.1746823050203792,1.3926998640881327
/home/shadowtwin/Desktop/AI_work/Vesuvius_Challenge/Vesuvius/DataSet/val_labels/1966171058.tif,1966171058,/home/shadowtwin/Desktop/AI_work/Vesuvius_Challenge/Vesuvius/inferences/CESoftDiceclDiceLoss_step3_DAsafe_epoch_model_best/no_TTA/overlap_0.5/th_0.5/1966171058.tif,0.5835382833248348,0.1835288963985106,0.9316505148483877,0.5782912405952739,1.2588720706490433,1.17190288495195
/home/shadowtwin/Desktop/AI_work/Vesuvius_Challenge/Vesuvius/DataSet/val_labels/1471460767.tif,1471460767,/home/shadowtwin/Desktop/AI_work/Vesuvius_Challenge/Vesuvius/inferences/CESoftDiceclDiceLoss_step3_DAsafe_epoch_model_best/no_TTA/overlap_0.5/th_0.5/1471460767.tif,0.4270087480822066,0.11708304012677809,0.6028267241419906,0.5168413788413614,1.2836422407500994,1.83245643696393
/home/shadowtwin/Desktop/AI_work/Vesuvius_Challenge/Vesuvius/DataSet/val_labels/3922476405.tif,3922476405,/home/shadowtwin/Desktop/AI_work/Vesuvius_Challenge/Vesuvius/inferences/CESoftDiceclDiceLoss_step3_DAsafe_epoch_model_best/no_TTA/overlap_0.5/th_0.5/3922476405.tif,0.5644113870717014,0.22374312647289868,0.8775815723428373,0.5432425680281104,1.4764912131055672,1.3261698131946544
/home/shadowtwin/Desktop/AI_work/Vesuvius_Challenge/Vesuvius/DataSet/val_labels/3662102503.tif,3662102503,/home/shadowtwin/Desktop/AI_work/Vesuvius_Challenge/Vesuvius/inferences/CESoftDiceclDiceLoss_step3_DAsafe_epoch_model_best/no_TTA/overlap_0.5/th_0.5/3662102503.tif,0.453634515621781,0.0669153131973279,0.7718296004571509,0.4669130328645137,1.7661184076061198,2.0396364804436984
/home/shadowtwin/Desktop/AI_work/Vesuvius_Challenge/Vesuvius/DataSet/val_labels/3335656968.tif,3335656968,/home/shadowtwin/Desktop/AI_work/Vesuvius_Challenge/Vesuvius/inferences/CESoftDiceclDiceLoss_step3_DAsafe_epoch_model_best/no_TTA/overlap_0.5/th_0.5/3335656968.tif,0.5207284653397825,0.08067070111626741,0.8912582476351986,0.5273910523788076,1.3288146963516008,1.6582726871593672
/home/shadowtwin/Desktop/AI_work/Vesuvius_Challenge/Vesuvius/DataSet/val_labels/3237609845.tif,3237609845,/home/shadowtwin/Desktop/AI_work/Vesuvius_Challenge/Vesuvius/inferences/CESoftDiceclDiceLoss_step3_DAsafe_epoch_model_best/no_TTA/overlap_0.5/th_0.5/3237609845.tif,0.49763164663797493,0.030977833942416065,0.8333817215633844,0.5618705540230444,1.3341552608402418,1.2650759608940683
/home/shadowtwin/Desktop/AI_work/Vesuvius_Challenge/Vesuvius/DataSet/val_labels/4015222329.tif,4015222329,/home/shadowtwin/Desktop/AI_work/Vesuvius_Challenge/Vesuvius/inferences/CESoftDiceclDiceLoss_step3_DAsafe_epoch_model_best/no_TTA/overlap_0.5/th_0.5/4015222329.tif,0.5934723481275304,0.1832420946697052,0.9461410093108193,0.5924296184795201,0.994632350479419,1.2985817225920548
/home/shadowtwin/Desktop/AI_work/Vesuvius_Challenge/Vesuvius/DataSet/val_labels/1189767014.tif,1189767014,/home/shadowtwin/Desktop/AI_work/Vesuvius_Challenge/Vesuvius/inferences/CESoftDiceclDiceLoss_step3_DAsafe_epoch_model_best/no_TTA/overlap_0.5/th_0.5/1189767014.tif,0.43011361063573034,0.033367409527703944,0.703032846877176,0.49726254677259296,1.7655044871544427,1.6045291532926298
/home/shadowtwin/Desktop/AI_work/Vesuvius_Challenge/Vesuvius/DataSet/val_labels/2708764018.tif,2708764018,/home/shadowtwin/Desktop/AI_work/Vesuvius_Challenge/Vesuvius/inferences/CESoftDiceclDiceLoss_step3_DAsafe_epoch_model_best/no_TTA/overlap_0.5/th_0.5/2708764018.tif,0.45540133242781744,0.062287838784417265,0.6992402567797611,0.5485168311987881,1.0741834099817866,1.6694769672485206
/home/shadowtwin/Desktop/AI_work/Vesuvius_Challenge/Vesuvius/DataSet/val_labels/1013184726.tif,1013184726,/home/shadowtwin/Desktop/AI_work/Vesuvius_Challenge/Vesuvius/inferences/CESoftDiceclDiceLoss_step3_DAsafe_epoch_model_best/no_TTA/overlap_0.5/th_0.5/1013184726.tif,0.4767479617177451,0.09300112980912173,0.7342256328073391,0.5481961465498281,1.546658305521159,1.2005570011027045
/home/shadowtwin/Desktop/AI_work/Vesuvius_Challenge/Vesuvius/DataSet/val_labels/2689046967.tif,2689046967,/home/shadowtwin/Desktop/AI_work/Vesuvius_Challenge/Vesuvius/inferences/CESoftDiceclDiceLoss_step3_DAsafe_epoch_model_best/no_TTA/overlap_0.5/th_0.5/2689046967.tif,0.5408258578655392,0.18704350587488092,0.8483991115561508,0.5364946201669201,1.421645517721179,1.4581931138316047
/home/shadowtwin/Desktop/AI_work/Vesuvius_Challenge/Vesuvius/DataSet/val_labels/206065757.tif,206065757,/home/shadowtwin/Desktop/AI_work/Vesuvius_Challenge/Vesuvius/inferences/CESoftDiceclDiceLoss_step3_DAsafe_epoch_model_best/no_TTA/overlap_0.5/th_0.5/206065757.tif,0.5457398978058028,0.1827349737797499,0.8468372337021655,0.5557896396460565,1.2860705620144557,1.3780690612479838
/home/shadowtwin/Desktop/AI_work/Vesuvius_Challenge/Vesuvius/DataSet/val_labels/571334887.tif,571334887,/home/shadowtwin/Desktop/AI_work/Vesuvius_Challenge/Vesuvius/inferences/CESoftDiceclDiceLoss_step3_DAsafe_epoch_model_best/no_TTA/overlap_0.5/th_0.5/571334887.tif,0.49778834559467505,0.14808734164177567,0.7547044938667948,0.5406159149964689,0.7948464590918182,2.0376270972131345
/home/shadowtwin/Desktop/AI_work/Vesuvius_Challenge/Vesuvius/DataSet/val_labels/1351645019.tif,1351645019,/home/shadowtwin/Desktop/AI_work/Vesuvius_Challenge/Vesuvius/inferences/CESoftDiceclDiceLoss_step3_DAsafe_epoch_model_best/no_TTA/overlap_0.5/th_0.5/1351645019.tif,0.5428877756399684,0.14498933901918976,0.8941272670651158,0.532704087032631,1.1761866389945657,1.747862718128443
/home/shadowtwin/Desktop/AI_work/Vesuvius_Challenge/Vesuvius/DataSet/val_labels/2136851012.tif,2136851012,/home/shadowtwin/Desktop/AI_work/Vesuvius_Challenge/Vesuvius/inferences/CESoftDiceclDiceLoss_step3_DAsafe_epoch_model_best/no_TTA/overlap_0.5/th_0.5/2136851012.tif,0.3981701856589969,0.11680724484049132,0.482073790071908,0.5554348162333763,1.293132859507785,1.374838075296029
/home/shadowtwin/Desktop/AI_work/Vesuvius_Challenge/Vesuvius/DataSet/val_labels/663106834.tif,663106834,/home/shadowtwin/Desktop/AI_work/Vesuvius_Challenge/Vesuvius/inferences/CESoftDiceclDiceLoss_step3_DAsafe_epoch_model_best/no_TTA/overlap_0.5/th_0.5/663106834.tif,0.4494588677226012,0.09477524040574513,0.6740913288597494,0.5288409442856151,1.0672820532940615,1.9024770069393846
/home/shadowtwin/Desktop/AI_work/Vesuvius_Challenge/Vesuvius/DataSet/val_labels/2203617984.tif,2203617984,/home/shadowtwin/Desktop/AI_work/Vesuvius_Challenge/Vesuvius/inferences/CESoftDiceclDiceLoss_step3_DAsafe_epoch_model_best/no_TTA/overlap_0.5/th_0.5/2203617984.tif,0.44762447856853393,0.054216098992218395,0.7273384685600793,0.5051176710709733,1.5759115500461331,1.6898775077771329
/home/shadowtwin/Desktop/AI_work/Vesuvius_Challenge/Vesuvius/DataSet/val_labels/3545147380.tif,3545147380,/home/shadowtwin/Desktop/AI_work/Vesuvius_Challenge/Vesuvius/inferences/CESoftDiceclDiceLoss_step3_DAsafe_epoch_model_best/no_TTA/overlap_0.5/th_0.5/3545147380.tif,0.5111600750418068,0.08195049596736813,0.8522480482890588,0.5379660267155021,1.1787342197735189,1.6841105841719404
/home/shadowtwin/Desktop/AI_work/Vesuvius_Challenge/Vesuvius/DataSet/val_labels/1127903126.tif,1127903126,/home/shadowtwin/Desktop/AI_work/Vesuvius_Challenge/Vesuvius/inferences/CESoftDiceclDiceLoss_step3_DAsafe_epoch_model_best/no_TTA/overlap_0.5/th_0.5/1127903126.tif,0.48012744271513996,0.1517134611849493,0.7530094935506019,0.48874309033412694,1.9129816553394632,1.5739007836965182
/home/shadowtwin/Desktop/AI_work/Vesuvius_Challenge/Vesuvius/DataSet/val_labels/1704770049.tif,1704770049,/home/shadowtwin/Desktop/AI_work/Vesuvius_Challenge/Vesuvius/inferences/CESoftDiceclDiceLoss_step3_DAsafe_epoch_model_best/no_TTA/overlap_0.5/th_0.5/1704770049.tif,0.556627245369954,0.20298507462686569,0.8699323151678192,0.5464440362090215,1.374988749980737,1.3917231408199031
/home/shadowtwin/Desktop/AI_work/Vesuvius_Challenge/Vesuvius/DataSet/val_labels/216657071.tif,216657071,/home/shadowtwin/Desktop/AI_work/Vesuvius_Challenge/Vesuvius/inferences/CESoftDiceclDiceLoss_step3_DAsafe_epoch_model_best/no_TTA/overlap_0.5/th_0.5/216657071.tif,0.5303121551043658,0.07381275440976934,0.8640169260797077,0.5878925847243921,1.1908072088161963,1.1458294828951336
/home/shadowtwin/Desktop/AI_work/Vesuvius_Challenge/Vesuvius/DataSet/val_labels/693501383.tif,693501383,/home/shadowtwin/Desktop/AI_work/Vesuvius_Challenge/Vesuvius/inferences/CESoftDiceclDiceLoss_step3_DAsafe_epoch_model_best/no_TTA/overlap_0.5/th_0.5/693501383.tif,0.550496222560833,0.19933312232948253,0.8606865925866322,0.5413027955904769,1.3335029778786207,1.491146541430044
/home/shadowtwin/Desktop/AI_work/Vesuvius_Challenge/Vesuvius/DataSet/val_labels/2536049117.tif,2536049117,/home/shadowtwin/Desktop/AI_work/Vesuvius_Challenge/Vesuvius/inferences/CESoftDiceclDiceLoss_step3_DAsafe_epoch_model_best/no_TTA/overlap_0.5/th_0.5/2536049117.tif,0.5985767497923676,0.14746440089573667,0.9367858398251502,0.6470353873852686,0.9167693947716639,0.901599015448242
/home/shadowtwin/Desktop/AI_work/Vesuvius_Challenge/Vesuvius/DataSet/val_labels/2821927657.tif,2821927657,/home/shadowtwin/Desktop/AI_work/Vesuvius_Challenge/Vesuvius/inferences/CESoftDiceclDiceLoss_step3_DAsafe_epoch_model_best/no_TTA/overlap_0.5/th_0.5/2821927657.tif,0.5825909507764088,0.2575702134488846,0.8933564194515257,0.5504146855248838,1.4175541497982505,1.3051524827254617
/home/shadowtwin/Desktop/AI_work/Vesuvius_Challenge/Vesuvius/DataSet/val_labels/149409101.tif,149409101,/home/shadowtwin/Desktop/AI_work/Vesuvius_Challenge/Vesuvius/inferences/CESoftDiceclDiceLoss_step3_DAsafe_epoch_model_best/no_TTA/overlap_0.5/th_0.5/149409101.tif,0.4532839104254582,0.06492611154112449,0.7202932197854274,0.5191527143949178,1.4951261162771217,1.5922588494711476
/home/shadowtwin/Desktop/AI_work/Vesuvius_Challenge/Vesuvius/DataSet/val_labels/3686818985.tif,3686818985,/home/shadowtwin/Desktop/AI_work/Vesuvius_Challenge/Vesuvius/inferences/CESoftDiceclDiceLoss_step3_DAsafe_epoch_model_best/no_TTA/overlap_0.5/th_0.5/3686818985.tif,0.49306604335145965,0.04943154770238862,0.829522738674892,0.5368674871558025,1.1219560343328803,1.7535674044071865
,MEAN,,0.50853666789124,0.12209509751156172,0.806873505892044,0.5414354616444459,1.337319650983775,1.523842061718223
